Tower Type,Bundle Type,Conductor Type,Impedance,Admittance,A,B,C,D,Vs,Is,Vr (KV),Vr angle (Degrees),Ir (A),Ir angle (Degrees),Cost (Million $),Real Power loss (%),Current limit (Summer),Current limit (Winter),Stability limit (MVA),Stability limit angle,Dynamic Stability limit (MVA),Dynamic Stability limit angle
Tower Type A1,No bundling – 1 conductor,AAC 9.0 mm diameter,(0.609+0.419j),2.6175292576204276e-06j,(0.972+0.04j),(134.019+94.867j),(-0+0.001j),(0.972+0.04j),132.0,699.8,70.2,-60.5,0.7,-4.1,36.9,71.27,110,308,31.93,35.3,29.28,17.6
Tower Type A1,"Bundling spacer – 2 conductor, 24 cm",AAC 9.0 mm diameter,(0.305+0.287j),3.830619442439883e-06j,(0.972+0.029j),(67.011+64.251j),(-0+0.001j),(0.972+0.029j),132.0,699.8,91.3,-26.8,0.7,-7.7,43.2,35.79,110,308,64.99,43.8,55.62,21.9
Tower Type A1,"Bundling spacer – 2 conductor, 32 cm",AAC 9.0 mm diameter,(0.305+0.277j),3.955391288305364e-06j,(0.972+0.03j),(67.011+62.267j),(-0+0.001j),(0.972+0.03j),132.0,699.8,90.6,-25.9,0.7,-7.9,43.9,35.81,110,308,64.98,42.9,55.93,21.4
Tower Type A1,"Bundling spacer – 3 conductor, 23 cm ",AAC 9.0 mm diameter,(0.203+0.244j),4.497407605134836e-06j,(0.973+0.023j),(44.675+54.507j),(-0+0.001j),(0.973+0.023j),132.0,699.8,103.3,-19.9,0.7,-9.6,49.4,23.94,110,308,97.48,50.7,78.88,25.3
Tower Type A1,"Bundling spacer – 3 conductor, 33 cm",AAC 9.0 mm diameter,(0.203+0.229j),4.794515586144e-06j,(0.972+0.024j),(44.675+51.174j),(-0+0.001j),(0.972+0.024j),132.0,699.8,102.4,-18.6,0.7,-10.3,50.8,23.98,110,308,97.44,48.9,79.6,24.4
Tower Type A1,"Bundling spacer – 4 conductor, 26 cm",AAC 9.0 mm diameter,(0.152+0.213j),5.158664593667276e-06j,(0.973+0.02j),(33.506+47.442j),(-0+0.001j),(0.973+0.02j),132.0,699.8,109.3,-16.3,0.7,-11.4,55.7,18.02,110,308,129.72,54.8,101.89,27.4
Tower Type A1,No bundling – 1 conductor,AAC 16.3 mm diameter,(0.186+0.382j),2.8732611831763078e-06j,(0.973+0.013j),(40.86+84.962j),(-0+0.001j),(0.973+0.013j),132.0,699.8,115.3,-30.0,0.7,-6.3,38.6,21.76,216,636,100.3,64.3,75.54,32.2
Tower Type A1,"Bundling spacer – 2 conductor, 24 cm",AAC 16.3 mm diameter,(0.093+0.268j),4.097473272576863e-06j,(0.973+0.009j),(20.43+59.515j),(-0+0.001j),(0.973+0.009j),132.0,699.8,121.0,-19.5,0.7,-9.5,46.4,10.94,216,636,178.3,71.1,131.03,35.5
Tower Type A1,"Bundling spacer – 2 conductor, 32 cm",AAC 16.3 mm diameter,(0.093+0.259j),4.240559362273198e-06j,(0.973+0.01j),(20.43+57.511j),(-0+0.001j),(0.973+0.01j),132.0,699.8,120.6,-18.9,0.7,-9.8,47.1,10.94,216,636,181.01,70.4,133.28,35.2
Tower Type A1,"Bundling spacer – 3 conductor, 23 cm ",AAC 16.3 mm diameter,(0.062+0.232j),4.738978162261975e-06j,(0.973+0.007j),(13.62+51.435j),(-0+0.001j),(0.973+0.007j),132.0,699.8,123.9,-16.4,0.7,-11.1,54.3,7.32,216,636,233.52,75.2,169.72,37.6
Tower Type A1,"Bundling spacer – 3 conductor, 33 cm",AAC 16.3 mm diameter,(0.062+0.216j),5.070035355472591e-06j,(0.973+0.008j),(13.62+48.081j),(-0+0.001j),(0.973+0.008j),132.0,699.8,123.2,-15.3,0.7,-11.9,55.6,7.33,216,636,242.69,74.2,176.82,37.1
Tower Type A1,"Bundling spacer – 4 conductor, 26 cm",AAC 16.3 mm diameter,(0.046+0.203j),5.3952609508631095e-06j,(0.973+0.006j),(10.215+45.17j),(-0+0.001j),(0.973+0.006j),132.0,699.8,125.1,-14.2,0.7,-12.7,62.1,5.51,216,636,281.99,77.3,203.99,38.6
Tower Type A1,No bundling – 1 conductor,AAC 21.0 mm diameter,(0.112+0.366j),2.9982141476233003e-06j,(0.973+0.008j),(24.617+81.315j),(-0+0.001j),(0.973+0.008j),132.0,699.8,124.4,-26.7,0.7,-6.9,40.1,13.12,299,875,140.48,73.2,102.41,36.6
Tower Type A1,"Bundling spacer – 2 conductor, 24 cm",AAC 21.0 mm diameter,(0.056+0.26j),4.222964204081824e-06j,(0.973+0.006j),(12.309+57.707j),(-0+0.001j),(0.973+0.006j),132.0,699.8,126.1,-18.3,0.7,-10.0,49.5,6.59,299,875,225.94,78.0,163.11,39.0
Tower Type A1,"Bundling spacer – 2 conductor, 32 cm",AAC 21.0 mm diameter,(0.056+0.251j),4.375111654726636e-06j,(0.973+0.006j),(12.309+55.702j),(-0+0.001j),(0.973+0.006j),132.0,699.8,125.7,-17.7,0.7,-10.3,50.2,6.6,299,875,231.1,77.5,167.01,38.8
Tower Type A1,"Bundling spacer – 3 conductor, 23 cm ",AAC 21.0 mm diameter,(0.037+0.226j),4.850106164457482e-06j,(0.973+0.004j),(8.206+50.236j),(-0+0.001j),(0.973+0.004j),132.0,699.8,127.4,-15.7,0.7,-11.5,58.9,4.41,299,875,279.0,80.7,200.35,40.4
Tower Type A1,"Bundling spacer – 3 conductor, 33 cm",AAC 21.0 mm diameter,(0.037+0.211j),5.197440831920063e-06j,(0.973+0.005j),(8.206+46.881j),(-0+0.001j),(0.973+0.005j),132.0,699.8,126.8,-14.7,0.7,-12.3,60.3,4.42,299,875,293.4,80.1,210.99,40.0
Tower Type A1,"Bundling spacer – 4 conductor, 26 cm",AAC 21.0 mm diameter,(0.028+0.199j),5.5029209942256775e-06j,(0.973+0.004j),(6.154+44.274j),(-0+0.001j),(0.973+0.004j),132.0,699.8,127.8,-13.8,0.7,-13.1,68.3,3.32,299,875,327.01,82.1,234.28,41.0
Tower Type A1,No bundling – 1 conductor,AAC 26.3 mm diameter,(0.071+0.352j),3.1186849362318125e-06j,(0.973+0.006j),(15.695+78.136j),(-0+0.001j),(0.973+0.006j),132.0,699.8,129.2,-24.7,0.7,-7.3,42.3,8.37,405,997,172.74,78.6,124.29,39.3
Tower Type A1,"Bundling spacer – 2 conductor, 24 cm",AAC 26.3 mm diameter,(0.036+0.253j),4.341058981694303e-06j,(0.973+0.004j),(7.848+56.123j),(-0+0.001j),(0.973+0.004j),132.0,699.8,128.9,-17.5,0.7,-10.4,53.9,4.21,405,997,259.57,82.0,185.88,41.0
Tower Type A1,"Bundling spacer – 2 conductor, 32 cm",AAC 26.3 mm diameter,(0.036+0.244j),4.501997144985102e-06j,(0.973+0.004j),(7.848+54.118j),(-0+0.001j),(0.973+0.004j),132.0,699.8,128.4,-16.9,0.7,-10.7,54.6,4.21,405,997,266.74,81.7,191.13,40.9
Tower Type A1,"Bundling spacer – 3 conductor, 23 cm ",AAC 26.3 mm diameter,(0.024+0.222j),4.953280217015424e-06j,(0.973+0.003j),(5.232+49.183j),(-0+0.001j),(0.973+0.003j),132.0,699.8,129.3,-15.3,0.7,-11.9,65.6,2.81,405,997,309.28,83.9,220.8,42.0
Tower Type A1,"Bundling spacer – 3 conductor, 33 cm",AAC 26.3 mm diameter,(0.024+0.206j),5.316102164005732e-06j,(0.973+0.003j),(5.232+45.827j),(-0+0.001j),(0.973+0.003j),132.0,699.8,128.7,-14.2,0.7,-12.7,66.9,2.82,405,997,327.52,83.5,234.04,41.7
Tower Type A1,"Bundling spacer – 4 conductor, 26 cm",AAC 26.3 mm diameter,(0.018+0.196j),5.602219103226575e-06j,(0.973+0.002j),(3.924+43.484j),(-0+0.001j),(0.973+0.002j),132.0,699.8,129.2,-13.5,0.7,-13.4,77.2,2.12,405,997,356.23,84.8,253.97,42.4
Tower Type A1,No bundling – 1 conductor,AAC 31.5 mm diameter,(0.05+0.341j),3.2224902967509506e-06j,(0.973+0.004j),(10.941+75.605j),(-0+0.001j),(0.973+0.004j),132.0,699.8,131.6,-23.5,0.7,-7.7,45.0,5.84,495,1224,194.92,81.8,139.45,40.9
Tower Type A1,"Bundling spacer – 2 conductor, 24 cm",AAC 31.5 mm diameter,(0.025+0.247j),4.440614520198643e-06j,(0.973+0.003j),(5.47+54.86j),(-0+0.001j),(0.973+0.003j),132.0,699.8,130.2,-17.0,0.7,-10.7,59.3,2.93,495,1224,281.28,84.3,200.63,42.2
Tower Type A1,"Bundling spacer – 2 conductor, 32 cm",AAC 31.5 mm diameter,(0.025+0.238j),4.609162371815347e-06j,(0.973+0.003j),(5.47+52.854j),(-0+0.001j),(0.973+0.003j),132.0,699.8,129.8,-16.4,0.7,-11.1,60.0,2.94,495,1224,289.84,84.1,206.84,42.0
Tower Type A1,"Bundling spacer – 3 conductor, 23 cm ",AAC 31.5 mm diameter,(0.017+0.218j),5.03921947042116e-06j,(0.973+0.002j),(3.647+48.341j),(-0+0.001j),(0.973+0.002j),132.0,699.8,130.2,-14.9,0.7,-12.1,73.6,1.96,495,1224,328.27,85.7,233.67,42.8
Tower Type A1,"Bundling spacer – 3 conductor, 33 cm",AAC 31.5 mm diameter,(0.017+0.203j),5.415218376692445e-06j,(0.973+0.002j),(3.647+44.985j),(-0+0.001j),(0.973+0.002j),132.0,699.8,129.6,-13.9,0.7,-13.0,75.0,1.97,495,1224,349.06,85.4,248.63,42.7
Tower Type A1,"Bundling spacer – 4 conductor, 26 cm",AAC 31.5 mm diameter,(0.012+0.193j),5.684451956469492e-06j,(0.973+0.002j),(2.735+42.854j),(-0+0.001j),(0.973+0.002j),132.0,699.8,129.9,-13.2,0.7,-13.6,87.9,1.48,495,1224,374.34,86.3,266.22,43.2
Tower Type A2,No bundling – 1 conductor,AAC 9.0 mm diameter,(0.609+0.432j),2.539591335873495e-06j,(0.972+0.038j),(134.02+97.67j),(-0+0.001j),(0.972+0.038j),132.0,699.8,72.1,-61.4,0.7,-4.0,40.1,71.25,110,308,32.05,36.1,29.22,18.0
Tower Type A2,"Bundling spacer – 2 conductor, 24 cm",AAC 9.0 mm diameter,(0.305+0.299j),3.6659732326133328e-06j,(0.972+0.028j),(67.011+67.079j),(-0+0.001j),(0.972+0.028j),132.0,699.8,92.3,-28.0,0.7,-7.4,46.3,35.77,110,308,64.98,45.0,55.19,22.5
Tower Type A2,"Bundling spacer – 2 conductor, 32 cm",AAC 9.0 mm diameter,(0.305+0.29j),3.780090029162843e-06j,(0.972+0.029j),(67.011+65.092j),(-0+0.001j),(0.972+0.029j),132.0,699.8,91.6,-27.1,0.7,-7.6,47.0,35.79,110,308,64.99,44.2,55.49,22.1
Tower Type A2,"Bundling spacer – 3 conductor, 23 cm ",AAC 9.0 mm diameter,(0.203+0.257j),4.2721388058089785e-06j,(0.973+0.022j),(44.675+57.346j),(-0+0.001j),(0.973+0.022j),132.0,699.8,104.0,-21.0,0.7,-9.2,52.6,23.92,110,308,97.39,52.1,78.22,26.0
Tower Type A2,"Bundling spacer – 3 conductor, 33 cm",AAC 9.0 mm diameter,(0.203+0.242j),4.539344580389231e-06j,(0.973+0.023j),(44.675+54.01j),(-0+0.001j),(0.973+0.023j),132.0,699.8,103.1,-19.7,0.7,-9.7,53.9,23.95,110,308,97.48,50.4,78.99,25.2
Tower Type A2,"Bundling spacer – 4 conductor, 26 cm",AAC 9.0 mm diameter,(0.152+0.226j),4.864449831231781e-06j,(0.973+0.018j),(33.506+50.285j),(-0+0.001j),(0.973+0.018j),132.0,699.8,109.9,-17.3,0.7,-10.8,58.8,18.0,110,308,129.22,56.3,100.8,28.2
Tower Type A2,No bundling – 1 conductor,AAC 16.3 mm diameter,(0.186+0.395j),2.7796226948236015e-06j,(0.973+0.013j),(40.86+87.812j),(-0+0.001j),(0.973+0.013j),132.0,699.8,116.3,-30.9,0.7,-6.1,41.7,21.76,216,636,99.58,65.0,74.72,32.5
Tower Type A2,"Bundling spacer – 2 conductor, 24 cm",AAC 16.3 mm diameter,(0.093+0.281j),3.909650806437302e-06j,(0.973+0.009j),(20.43+62.367j),(-0+0.001j),(0.973+0.009j),132.0,699.8,121.7,-20.4,0.7,-9.0,49.5,10.93,216,636,174.54,71.9,127.95,35.9
Tower Type A2,"Bundling spacer – 2 conductor, 32 cm",AAC 16.3 mm diameter,(0.093+0.272j),4.039711621790552e-06j,(0.973+0.009j),(20.43+60.364j),(-0+0.001j),(0.973+0.009j),132.0,699.8,121.2,-19.8,0.7,-9.3,50.2,10.93,216,636,177.16,71.3,130.1,35.7
Tower Type A2,"Bundling spacer – 3 conductor, 23 cm ",AAC 16.3 mm diameter,(0.062+0.244j),4.489530698635078e-06j,(0.973+0.007j),(13.62+54.289j),(-0+0.001j),(0.973+0.007j),132.0,699.8,124.5,-17.3,0.7,-10.5,57.4,7.31,216,636,226.22,75.9,164.1,38.0
Tower Type A2,"Bundling spacer – 3 conductor, 33 cm",AAC 16.3 mm diameter,(0.062+0.229j),4.785564609711747e-06j,(0.973+0.007j),(13.62+50.935j),(-0+0.001j),(0.973+0.007j),132.0,699.8,123.8,-16.3,0.7,-11.2,58.8,7.32,216,636,234.85,75.0,170.75,37.5
Tower Type A2,"Bundling spacer – 4 conductor, 26 cm",AAC 16.3 mm diameter,(0.046+0.216j),5.0742792610099525e-06j,(0.973+0.006j),(10.215+48.025j),(-0+0.001j),(0.973+0.006j),132.0,699.8,125.6,-15.2,0.7,-12.0,65.3,5.5,216,636,270.81,78.0,195.58,39.0
Tower Type A2,No bundling – 1 conductor,AAC 21.0 mm diameter,(0.112+0.379j),2.8963985284401345e-06j,(0.973+0.008j),(24.617+84.168j),(-0+0.001j),(0.973+0.008j),132.0,699.8,125.3,-27.5,0.7,-6.6,43.2,13.11,299,875,138.34,73.7,100.66,36.8
Tower Type A2,"Bundling spacer – 2 conductor, 24 cm",AAC 21.0 mm diameter,(0.056+0.273j),4.023740590288976e-06j,(0.973+0.006j),(12.309+60.562j),(-0+0.001j),(0.973+0.006j),132.0,699.8,126.8,-19.2,0.7,-9.5,52.6,6.59,299,875,219.01,78.5,157.89,39.3
Tower Type A2,"Bundling spacer – 2 conductor, 32 cm",AAC 21.0 mm diameter,(0.056+0.264j),4.161636786518278e-06j,(0.973+0.006j),(12.309+58.556j),(-0+0.001j),(0.973+0.006j),132.0,699.8,126.3,-18.6,0.7,-9.8,53.3,6.59,299,875,223.83,78.1,161.52,39.1
Tower Type A2,"Bundling spacer – 3 conductor, 23 cm ",AAC 21.0 mm diameter,(0.037+0.239j),4.589144668605896e-06j,(0.973+0.004j),(8.206+53.091j),(-0+0.001j),(0.973+0.004j),132.0,699.8,128.0,-16.6,0.7,-10.9,62.0,4.4,299,875,267.89,81.2,192.16,40.6
Tower Type A2,"Bundling spacer – 3 conductor, 33 cm",AAC 21.0 mm diameter,(0.037+0.224j),4.898914364853833e-06j,(0.973+0.005j),(8.206+49.736j),(-0+0.001j),(0.973+0.005j),132.0,699.8,127.3,-15.6,0.7,-11.6,63.4,4.41,299,875,281.05,80.6,201.86,40.3
Tower Type A2,"Bundling spacer – 4 conductor, 26 cm",AAC 21.0 mm diameter,(0.028+0.212j),5.1693973460139205e-06j,(0.973+0.004j),(6.154+47.129j),(-0+0.001j),(0.973+0.004j),132.0,699.8,128.3,-14.7,0.7,-12.3,71.5,3.31,299,875,311.39,82.6,222.87,41.3
Tower Type A2,No bundling – 1 conductor,AAC 26.3 mm diameter,(0.071+0.365j),3.008672970122985e-06j,(0.973+0.005j),(15.695+80.991j),(-0+0.001j),(0.973+0.005j),132.0,699.8,130.1,-25.5,0.7,-7.1,45.4,8.37,405,997,169.09,79.0,121.52,39.5
Tower Type A2,"Bundling spacer – 2 conductor, 24 cm",AAC 26.3 mm diameter,(0.036+0.266j),4.130814401780984e-06j,(0.973+0.004j),(7.848+58.979j),(-0+0.001j),(0.973+0.004j),132.0,699.8,129.5,-18.4,0.7,-9.9,57.1,4.2,405,997,250.09,82.4,178.94,41.2
Tower Type A2,"Bundling spacer – 2 conductor, 32 cm",AAC 26.3 mm diameter,(0.036+0.257j),4.27627988138631e-06j,(0.973+0.004j),(7.848+56.973j),(-0+0.001j),(0.973+0.004j),132.0,699.8,129.0,-17.8,0.7,-10.2,57.7,4.21,405,997,256.67,82.2,183.75,41.1
Tower Type A2,"Bundling spacer – 3 conductor, 23 cm ",AAC 26.3 mm diameter,(0.024+0.234j),4.681409182544531e-06j,(0.973+0.003j),(5.232+52.038j),(-0+0.001j),(0.973+0.003j),132.0,699.8,129.8,-16.1,0.7,-11.2,68.7,2.81,405,997,295.42,84.3,210.77,42.1
Tower Type A2,"Bundling spacer – 3 conductor, 33 cm",AAC 26.3 mm diameter,(0.024+0.219j),5.004197952510292e-06j,(0.973+0.003j),(5.232+48.682j),(-0+0.001j),(0.973+0.003j),132.0,699.8,129.2,-15.1,0.7,-12.0,70.0,2.82,405,997,311.86,83.9,222.67,41.9
Tower Type A2,"Bundling spacer – 4 conductor, 26 cm",AAC 26.3 mm diameter,(0.018+0.209j),5.256927873195806e-06j,(0.973+0.002j),(3.924+46.34j),(-0+0.001j),(0.973+0.002j),132.0,699.8,129.7,-14.3,0.7,-12.6,80.3,2.11,405,997,337.56,85.2,240.51,42.6
Tower Type A2,No bundling – 1 conductor,AAC 31.5 mm diameter,(0.05+0.353j),3.1051707063079695e-06j,(0.973+0.004j),(10.941+78.461j),(-0+0.001j),(0.973+0.004j),132.0,699.8,132.4,-24.3,0.7,-7.4,48.1,5.83,495,1224,190.07,82.1,135.87,41.0
Tower Type A2,"Bundling spacer – 2 conductor, 24 cm",AAC 31.5 mm diameter,(0.025+0.26j),4.220860170933272e-06j,(0.973+0.003j),(5.47+57.716j),(-0+0.001j),(0.973+0.003j),132.0,699.8,130.8,-17.8,0.7,-10.1,62.5,2.93,495,1224,270.03,84.6,192.49,42.3
Tower Type A2,"Bundling spacer – 2 conductor, 32 cm",AAC 31.5 mm diameter,(0.025+0.251j),4.37285332025686e-06j,(0.973+0.003j),(5.47+55.71j),(-0+0.001j),(0.973+0.003j),132.0,699.8,130.4,-17.2,0.7,-10.5,63.1,2.93,495,1224,277.82,84.4,198.13,42.2
Tower Type A2,"Bundling spacer – 3 conductor, 23 cm ",AAC 31.5 mm diameter,(0.017+0.231j),4.75810039601443e-06j,(0.973+0.002j),(3.647+51.197j),(-0+0.001j),(0.973+0.002j),132.0,699.8,130.8,-15.8,0.7,-11.5,76.8,1.96,495,1224,312.61,85.9,222.42,43.0
Tower Type A2,"Bundling spacer – 3 conductor, 33 cm",AAC 31.5 mm diameter,(0.017+0.216j),5.091928776152022e-06j,(0.973+0.002j),(3.647+47.841j),(-0+0.001j),(0.973+0.002j),132.0,699.8,130.1,-14.8,0.7,-12.2,78.1,1.96,495,1224,331.19,85.6,235.78,42.8
Tower Type A2,"Bundling spacer – 4 conductor, 26 cm",AAC 31.5 mm diameter,(0.012+0.206j),5.32927086771666e-06j,(0.973+0.002j),(2.735+45.709j),(-0+0.001j),(0.973+0.002j),132.0,699.8,130.4,-14.1,0.7,-12.8,91.1,1.47,495,1224,353.71,86.6,251.43,43.3
Tower Type B1,No bundling – 1 conductor,AAC 9.0 mm diameter,(0.609+0.425j),2.5838386906892727e-06j,(0.972+0.039j),(134.019+96.057j),(-0+0.001j),(0.972+0.039j),132.0,699.8,71.0,-60.9,0.7,-4.1,39.8,71.26,110,308,31.98,35.6,29.26,17.8
Tower Type B1,"Bundling spacer – 2 conductor, 24 cm",AAC 9.0 mm diameter,(0.305+0.292j),3.7588928284601294e-06j,(0.972+0.028j),(67.011+65.452j),(-0+0.001j),(0.972+0.028j),132.0,699.8,91.7,-27.3,0.7,-7.5,46.1,35.78,110,308,64.98,44.3,55.44,22.2
Tower Type B1,"Bundling spacer – 2 conductor, 32 cm",AAC 9.0 mm diameter,(0.305+0.283j),3.878962597219783e-06j,(0.972+0.029j),(67.011+63.467j),(-0+0.001j),(0.972+0.029j),132.0,699.8,91.0,-26.5,0.7,-7.8,46.8,35.8,110,308,64.99,43.4,55.74,21.7
Tower Type B1,"Bundling spacer – 3 conductor, 23 cm ",AAC 9.0 mm diameter,(0.203+0.249j),4.3988582926442925e-06j,(0.973+0.022j),(44.675+55.713j),(-0+0.001j),(0.973+0.022j),132.0,699.8,103.6,-20.4,0.7,-9.4,52.3,23.93,110,308,97.45,51.3,78.6,25.6
Tower Type B1,"Bundling spacer – 3 conductor, 33 cm",AAC 9.0 mm diameter,(0.203+0.234j),4.682677340496768e-06j,(0.972+0.024j),(44.675+52.378j),(-0+0.001j),(0.972+0.024j),132.0,699.8,102.7,-19.1,0.7,-10.0,53.7,23.96,110,308,97.47,49.5,79.35,24.8
Tower Type B1,"Bundling spacer – 4 conductor, 26 cm",AAC 9.0 mm diameter,(0.152+0.218j),5.029421686258565e-06j,(0.973+0.019j),(33.506+48.65j),(-0+0.001j),(0.973+0.019j),132.0,699.8,109.6,-16.7,0.7,-11.1,58.6,18.01,110,308,129.54,55.4,101.44,27.7
Tower Type B1,No bundling – 1 conductor,AAC 16.3 mm diameter,(0.186+0.387j),2.8327168972285187e-06j,(0.973+0.013j),(40.86+86.173j),(-0+0.001j),(0.973+0.013j),132.0,699.8,115.7,-30.4,0.7,-6.2,41.5,21.76,216,636,99.99,64.6,75.19,32.3
Tower Type B1,"Bundling spacer – 2 conductor, 24 cm",AAC 16.3 mm diameter,(0.093+0.273j),4.0155120477312335e-06j,(0.973+0.009j),(20.43+60.727j),(-0+0.001j),(0.973+0.009j),132.0,699.8,121.3,-19.9,0.7,-9.3,49.3,10.93,216,636,176.68,71.4,129.71,35.7
Tower Type B1,"Bundling spacer – 2 conductor, 32 cm",AAC 16.3 mm diameter,(0.093+0.264j),4.1528352016030125e-06j,(0.973+0.01j),(20.43+58.723j),(-0+0.001j),(0.973+0.01j),132.0,699.8,120.8,-19.2,0.7,-9.6,50.0,10.94,216,636,179.36,70.8,131.91,35.4
Tower Type B1,"Bundling spacer – 3 conductor, 23 cm ",AAC 16.3 mm diameter,(0.062+0.237j),4.629686343379485e-06j,(0.973+0.007j),(13.62+52.648j),(-0+0.001j),(0.973+0.007j),132.0,699.8,124.2,-16.8,0.7,-10.9,57.2,7.31,216,636,230.36,75.5,167.29,37.7
Tower Type B1,"Bundling spacer – 3 conductor, 33 cm",AAC 16.3 mm diameter,(0.062+0.222j),4.9451414956005e-06j,(0.973+0.008j),(13.62+49.294j),(-0+0.001j),(0.973+0.008j),132.0,699.8,123.5,-15.7,0.7,-11.6,58.5,7.32,216,636,239.3,74.6,174.19,37.3
Tower Type B1,"Bundling spacer – 4 conductor, 26 cm",AAC 16.3 mm diameter,(0.046+0.209j),5.254053275215045e-06j,(0.973+0.006j),(10.215+46.383j),(-0+0.001j),(0.973+0.006j),132.0,699.8,125.3,-14.6,0.7,-12.4,65.0,5.5,216,636,277.13,77.6,200.33,38.8
Tower Type B1,No bundling – 1 conductor,AAC 21.0 mm diameter,(0.112+0.372j),2.9540938618574357e-06j,(0.973+0.008j),(24.617+82.527j),(-0+0.001j),(0.973+0.008j),132.0,699.8,124.8,-27.0,0.7,-6.8,43.0,13.12,299,875,139.56,73.4,101.66,36.7
Tower Type B1,"Bundling spacer – 2 conductor, 24 cm",AAC 21.0 mm diameter,(0.056+0.265j),4.135959044669734e-06j,(0.973+0.006j),(12.309+58.92j),(-0+0.001j),(0.973+0.006j),132.0,699.8,126.4,-18.7,0.7,-9.8,52.4,6.59,299,875,222.94,78.2,160.85,39.1
Tower Type B1,"Bundling spacer – 2 conductor, 32 cm",AAC 21.0 mm diameter,(0.056+0.256j),4.2817934801743536e-06j,(0.973+0.006j),(12.309+56.915j),(-0+0.001j),(0.973+0.006j),132.0,699.8,126.0,-18.1,0.7,-10.1,53.1,6.6,299,875,227.95,77.8,164.63,38.9
Tower Type B1,"Bundling spacer – 3 conductor, 23 cm ",AAC 21.0 mm diameter,(0.037+0.232j),4.735690385091749e-06j,(0.973+0.004j),(8.206+51.449j),(-0+0.001j),(0.973+0.004j),132.0,699.8,127.7,-16.1,0.7,-11.3,61.8,4.41,299,875,274.16,80.9,196.78,40.5
Tower Type B1,"Bundling spacer – 3 conductor, 33 cm",AAC 21.0 mm diameter,(0.037+0.217j),5.066272358331339e-06j,(0.973+0.005j),(8.206+48.094j),(-0+0.001j),(0.973+0.005j),132.0,699.8,127.0,-15.1,0.7,-12.0,63.2,4.42,299,875,288.02,80.3,207.01,40.2
Tower Type B1,"Bundling spacer – 4 conductor, 26 cm",AAC 21.0 mm diameter,(0.028+0.205j),5.356098298432733e-06j,(0.973+0.004j),(6.154+45.487j),(-0+0.001j),(0.973+0.004j),132.0,699.8,128.0,-14.2,0.7,-12.8,71.2,3.32,299,875,320.17,82.3,229.28,41.1
Tower Type B1,No bundling – 1 conductor,AAC 26.3 mm diameter,(0.071+0.357j),3.0709760466122096e-06j,(0.973+0.005j),(15.695+79.349j),(-0+0.001j),(0.973+0.005j),132.0,699.8,129.6,-25.0,0.7,-7.2,45.2,8.37,405,997,171.16,78.8,123.1,39.4
Tower Type B1,"Bundling spacer – 2 conductor, 24 cm",AAC 26.3 mm diameter,(0.036+0.258j),4.249172540753887e-06j,(0.973+0.004j),(7.848+57.336j),(-0+0.001j),(0.973+0.004j),132.0,699.8,129.1,-17.9,0.7,-10.1,56.9,4.21,405,997,255.45,82.2,182.85,41.1
Tower Type B1,"Bundling spacer – 2 conductor, 32 cm",AAC 26.3 mm diameter,(0.036+0.249j),4.4032488016983794e-06j,(0.973+0.004j),(7.848+55.331j),(-0+0.001j),(0.973+0.004j),132.0,699.8,128.7,-17.3,0.7,-10.5,57.5,4.21,405,997,262.35,81.9,187.92,41.0
Tower Type B1,"Bundling spacer – 3 conductor, 23 cm ",AAC 26.3 mm diameter,(0.024+0.227j),4.8340046904872875e-06j,(0.973+0.003j),(5.232+50.396j),(-0+0.001j),(0.973+0.003j),132.0,699.8,129.5,-15.6,0.7,-11.6,68.5,2.81,405,997,303.22,84.1,216.41,42.0
Tower Type B1,"Bundling spacer – 3 conductor, 33 cm",AAC 26.3 mm diameter,(0.024+0.212j),5.178954999437324e-06j,(0.973+0.003j),(5.232+47.04j),(-0+0.001j),(0.973+0.003j),132.0,699.8,128.9,-14.6,0.7,-12.4,69.8,2.82,405,997,320.66,83.7,229.06,41.8
Tower Type B1,"Bundling spacer – 4 conductor, 26 cm",AAC 26.3 mm diameter,(0.018+0.201j),5.450123107753459e-06j,(0.973+0.002j),(3.924+44.698j),(-0+0.001j),(0.973+0.002j),132.0,699.8,129.4,-13.8,0.7,-13.1,80.1,2.12,405,997,348.03,85.0,248.06,42.5
Tower Type B1,No bundling – 1 conductor,AAC 31.5 mm diameter,(0.05+0.346j),3.1715784957800177e-06j,(0.973+0.004j),(10.941+76.819j),(-0+0.001j),(0.973+0.004j),132.0,699.8,131.9,-23.8,0.7,-7.5,47.9,5.84,495,1224,192.82,81.9,137.9,40.9
Tower Type B1,"Bundling spacer – 2 conductor, 24 cm",AAC 31.5 mm diameter,(0.025+0.253j),4.344511853575704e-06j,(0.973+0.003j),(5.47+56.073j),(-0+0.001j),(0.973+0.003j),132.0,699.8,130.5,-17.3,0.7,-10.4,62.2,2.93,495,1224,276.37,84.4,197.08,42.2
Tower Type B1,"Bundling spacer – 2 conductor, 32 cm",AAC 31.5 mm diameter,(0.025+0.244j),4.505710892106696e-06j,(0.973+0.003j),(5.47+54.068j),(-0+0.001j),(0.973+0.003j),132.0,699.8,130.1,-16.7,0.7,-10.8,62.9,2.94,495,1224,284.59,84.2,203.03,42.1
Tower Type B1,"Bundling spacer – 3 conductor, 23 cm ",AAC 31.5 mm diameter,(0.017+0.223j),4.9158207409105975e-06j,(0.973+0.002j),(3.647+49.555j),(-0+0.001j),(0.973+0.002j),132.0,699.8,130.5,-15.3,0.7,-11.8,76.5,1.96,495,1224,321.41,85.8,228.74,42.9
Tower Type B1,"Bundling spacer – 3 conductor, 33 cm",AAC 31.5 mm diameter,(0.017+0.208j),5.272977866755299e-06j,(0.973+0.002j),(3.647+46.199j),(-0+0.001j),(0.973+0.002j),132.0,699.8,129.8,-14.3,0.7,-12.7,77.9,1.97,495,1224,341.21,85.5,242.98,42.7
Tower Type B1,"Bundling spacer – 4 conductor, 26 cm",AAC 31.5 mm diameter,(0.012+0.199j),5.527920450937468e-06j,(0.973+0.002j),(2.735+44.067j),(-0+0.001j),(0.973+0.002j),132.0,699.8,130.1,-13.6,0.7,-13.3,90.9,1.48,495,1224,365.26,86.4,259.71,43.2
Tower Type B2,No bundling – 1 conductor,AAC 9.0 mm diameter,(0.609+0.443j),2.4783709037108816e-06j,(0.972+0.038j),(134.02+99.997j),(-0+0.001j),(0.972+0.038j),132.0,699.8,73.6,-62.0,0.7,-3.9,42.3,71.25,110,308,32.13,36.7,29.17,18.4
Tower Type B2,"Bundling spacer – 2 conductor, 24 cm",AAC 9.0 mm diameter,(0.305+0.31j),3.5397531334770054e-06j,(0.972+0.027j),(67.012+69.426j),(-0+0.001j),(0.972+0.027j),132.0,699.8,93.1,-28.9,0.7,-7.1,48.6,35.75,110,308,64.96,46.0,54.83,23.0
Tower Type B2,"Bundling spacer – 2 conductor, 32 cm",AAC 9.0 mm diameter,(0.305+0.301j),3.646033178574553e-06j,(0.972+0.028j),(67.011+67.439j),(-0+0.001j),(0.972+0.028j),132.0,699.8,92.4,-28.1,0.7,-7.3,49.2,35.77,110,308,64.98,45.2,55.13,22.6
Tower Type B2,"Bundling spacer – 3 conductor, 23 cm ",AAC 9.0 mm diameter,(0.203+0.268j),4.101697355857075e-06j,(0.973+0.021j),(44.675+59.702j),(-0+0.001j),(0.973+0.021j),132.0,699.8,104.7,-21.9,0.7,-8.8,54.8,23.9,110,308,97.24,53.2,77.64,26.6
Tower Type B2,"Bundling spacer – 3 conductor, 33 cm",AAC 9.0 mm diameter,(0.203+0.252j),4.347394433587209e-06j,(0.973+0.022j),(44.675+56.365j),(-0+0.001j),(0.973+0.022j),132.0,699.8,103.8,-20.6,0.7,-9.3,56.2,23.93,110,308,97.43,51.6,78.45,25.8
Tower Type B2,"Bundling spacer – 4 conductor, 26 cm",AAC 9.0 mm diameter,(0.152+0.236j),4.644685940719138e-06j,(0.973+0.018j),(33.506+52.645j),(-0+0.001j),(0.973+0.018j),132.0,699.8,110.5,-18.2,0.7,-10.3,61.1,17.98,110,308,128.65,57.5,99.82,28.8
Tower Type B2,No bundling – 1 conductor,AAC 16.3 mm diameter,(0.186+0.406j),2.7064494980165873e-06j,(0.973+0.013j),(40.86+90.177j),(-0+0.001j),(0.973+0.013j),132.0,699.8,117.2,-31.6,0.7,-5.9,43.9,21.75,216,636,98.99,65.6,74.06,32.8
Tower Type B2,"Bundling spacer – 2 conductor, 24 cm",AAC 16.3 mm diameter,(0.093+0.291j),3.7664211017202773e-06j,(0.973+0.009j),(20.43+64.734j),(-0+0.001j),(0.973+0.009j),132.0,699.8,122.3,-21.2,0.7,-8.7,51.8,10.92,216,636,171.52,72.5,125.5,36.2
Tower Type B2,"Bundling spacer – 2 conductor, 32 cm",AAC 16.3 mm diameter,(0.093+0.282j),3.8869800139192675e-06j,(0.973+0.009j),(20.43+62.73j),(-0+0.001j),(0.973+0.009j),132.0,699.8,121.8,-20.5,0.7,-9.0,52.5,10.93,216,636,174.07,72.0,127.57,36.0
Tower Type B2,"Bundling spacer – 3 conductor, 23 cm ",AAC 16.3 mm diameter,(0.062+0.255j),4.301683115058902e-06j,(0.973+0.007j),(13.62+56.657j),(-0+0.001j),(0.973+0.007j),132.0,699.8,125.0,-18.1,0.7,-10.1,59.7,7.3,216,636,220.49,76.5,159.72,38.2
Tower Type B2,"Bundling spacer – 3 conductor, 33 cm",AAC 16.3 mm diameter,(0.062+0.24j),4.572714666294702e-06j,(0.973+0.007j),(13.62+53.303j),(-0+0.001j),(0.973+0.007j),132.0,699.8,124.3,-17.0,0.7,-10.7,61.0,7.31,216,636,228.69,75.7,166.0,37.8
Tower Type B2,"Bundling spacer – 4 conductor, 26 cm",AAC 16.3 mm diameter,(0.046+0.227j),4.835612411215029e-06j,(0.973+0.006j),(10.215+50.394j),(-0+0.001j),(0.973+0.006j),132.0,699.8,126.1,-15.9,0.7,-11.4,67.5,5.49,216,636,262.2,78.5,189.12,39.3
Tower Type B2,No bundling – 1 conductor,AAC 21.0 mm diameter,(0.112+0.39j),2.8170357383876282e-06j,(0.973+0.008j),(24.617+86.536j),(-0+0.001j),(0.973+0.008j),132.0,699.8,126.1,-28.2,0.7,-6.5,45.5,13.11,299,875,136.64,74.1,99.27,37.1
Tower Type B2,"Bundling spacer – 2 conductor, 24 cm",AAC 21.0 mm diameter,(0.056+0.283j),3.872191594001406e-06j,(0.973+0.005j),(12.309+62.93j),(-0+0.001j),(0.973+0.005j),132.0,699.8,127.4,-19.9,0.7,-9.2,54.9,6.58,299,875,213.62,78.9,153.84,39.5
Tower Type B2,"Bundling spacer – 2 conductor, 32 cm",AAC 21.0 mm diameter,(0.056+0.274j),3.999731415782102e-06j,(0.973+0.006j),(12.309+60.925j),(-0+0.001j),(0.973+0.006j),132.0,699.8,126.9,-19.3,0.7,-9.4,55.6,6.59,299,875,218.17,78.6,157.26,39.3
Tower Type B2,"Bundling spacer – 3 conductor, 23 cm ",AAC 21.0 mm diameter,(0.037+0.25j),4.393050708387671e-06j,(0.973+0.004j),(8.206+55.46j),(-0+0.001j),(0.973+0.004j),132.0,699.8,128.5,-17.3,0.7,-10.5,64.3,4.4,299,875,259.39,81.6,185.91,40.8
Tower Type B2,"Bundling spacer – 3 conductor, 33 cm",AAC 21.0 mm diameter,(0.037+0.235j),4.6760967169005954e-06j,(0.973+0.004j),(8.206+52.105j),(-0+0.001j),(0.973+0.004j),132.0,699.8,127.8,-16.3,0.7,-11.1,65.6,4.41,299,875,271.62,81.1,194.91,40.5
Tower Type B2,"Bundling spacer – 4 conductor, 26 cm",AAC 21.0 mm diameter,(0.028+0.223j),4.921917141501634e-06j,(0.973+0.003j),(6.154+49.498j),(-0+0.001j),(0.973+0.003j),132.0,699.8,128.7,-15.4,0.7,-11.8,73.7,3.31,299,875,299.61,82.9,214.28,41.5
Tower Type B2,No bundling – 1 conductor,AAC 26.3 mm diameter,(0.071+0.375j),2.9231290351695497e-06j,(0.973+0.005j),(15.695+83.36j),(-0+0.001j),(0.973+0.005j),132.0,699.8,130.8,-26.2,0.7,-6.9,47.7,8.36,405,997,166.21,79.3,119.35,39.7
Tower Type B2,"Bundling spacer – 2 conductor, 24 cm",AAC 26.3 mm diameter,(0.036+0.276j),3.971252417961687e-06j,(0.973+0.004j),(7.848+61.348j),(-0+0.001j),(0.973+0.004j),132.0,699.8,130.0,-19.1,0.7,-9.5,59.3,4.2,405,997,242.81,82.7,173.61,41.4
Tower Type B2,"Bundling spacer – 2 conductor, 32 cm",AAC 26.3 mm diameter,(0.036+0.267j),4.1055144500563375e-06j,(0.973+0.004j),(7.848+59.342j),(-0+0.001j),(0.973+0.004j),132.0,699.8,129.6,-18.5,0.7,-9.8,60.0,4.2,405,997,248.94,82.5,178.09,41.2
Tower Type B2,"Bundling spacer – 3 conductor, 23 cm ",AAC 26.3 mm diameter,(0.024+0.245j),4.477526194262683e-06j,(0.973+0.003j),(5.232+54.407j),(-0+0.001j),(0.973+0.003j),132.0,699.8,130.3,-16.8,0.7,-10.8,70.9,2.81,405,997,284.94,84.5,203.18,42.3
Tower Type B2,"Bundling spacer – 3 conductor, 33 cm",AAC 26.3 mm diameter,(0.024+0.23j),4.771927191903771e-06j,(0.973+0.003j),(5.232+51.051j),(-0+0.001j),(0.973+0.003j),132.0,699.8,129.6,-15.8,0.7,-11.4,72.3,2.81,405,997,300.05,84.1,214.12,42.1
Tower Type B2,"Bundling spacer – 4 conductor, 26 cm",AAC 26.3 mm diameter,(0.018+0.219j),5.001203122149354e-06j,(0.973+0.002j),(3.924+48.709j),(-0+0.001j),(0.973+0.002j),132.0,699.8,130.1,-15.1,0.7,-12.0,82.6,2.11,405,997,323.62,85.4,230.47,42.7
Tower Type B2,No bundling – 1 conductor,AAC 31.5 mm diameter,(0.05+0.364j),3.0141344573676314e-06j,(0.973+0.004j),(10.941+80.83j),(-0+0.001j),(0.973+0.004j),132.0,699.8,133.1,-24.9,0.7,-7.2,50.4,5.83,495,1224,186.27,82.3,133.07,41.1
Tower Type B2,"Bundling spacer – 2 conductor, 24 cm",AAC 31.5 mm diameter,(0.025+0.271j),4.0544060841512455e-06j,(0.973+0.003j),(5.47+60.085j),(-0+0.001j),(0.973+0.003j),132.0,699.8,131.4,-18.5,0.7,-9.8,64.7,2.93,495,1224,261.45,84.8,186.29,42.4
Tower Type B2,"Bundling spacer – 2 conductor, 32 cm",AAC 31.5 mm diameter,(0.025+0.262j),4.194448718848093e-06j,(0.973+0.003j),(5.47+58.079j),(-0+0.001j),(0.973+0.003j),132.0,699.8,130.9,-17.9,0.7,-10.1,65.4,2.93,495,1224,268.67,84.6,191.51,42.3
Tower Type B2,"Bundling spacer – 3 conductor, 23 cm ",AAC 31.5 mm diameter,(0.017+0.241j),4.547632798356005e-06j,(0.973+0.002j),(3.647+53.566j),(-0+0.001j),(0.973+0.002j),132.0,699.8,131.2,-16.5,0.7,-11.0,79.0,1.96,495,1224,300.83,86.1,213.96,43.1
Tower Type B2,"Bundling spacer – 3 conductor, 33 cm",AAC 31.5 mm diameter,(0.017+0.226j),4.851638073011554e-06j,(0.973+0.002j),(3.647+50.21j),(-0+0.001j),(0.973+0.002j),132.0,699.8,130.6,-15.5,0.7,-11.7,80.3,1.96,495,1224,317.83,85.8,226.17,42.9
Tower Type B2,"Bundling spacer – 4 conductor, 26 cm",AAC 31.5 mm diameter,(0.012+0.217j),5.066635213222634e-06j,(0.973+0.002j),(2.735+48.079j),(-0+0.001j),(0.973+0.002j),132.0,699.8,130.8,-14.8,0.7,-12.2,93.3,1.47,495,1224,338.38,86.7,240.46,43.4
Tower Type B1 – Double,No bundling – 1 conductor,AAC 9.0 mm diameter,(0.305+0.425j),2.5838386906892727e-06j,(0.973+0.02j),(67.012+94.72j),(-0+0.001j),(0.973+0.02j),132.0,699.8,103.4,-38.0,0.7,-5.2,42.7,35.65,110,308,64.41,54.7,51.24,27.4
Tower Type B1 – Double,"Bundling spacer – 2 conductor, 24 cm",AAC 9.0 mm diameter,(0.152+0.292j),3.7588928284601294e-06j,(0.973+0.014j),(33.506+64.966j),(-0+0.001j),(0.973+0.014j),132.0,699.8,113.6,-22.6,0.7,-8.4,51.9,17.9,110,308,124.21,62.7,94.24,31.4
Tower Type B1 – Double,"Bundling spacer – 2 conductor, 32 cm",AAC 9.0 mm diameter,(0.152+0.283j),3.878962597219783e-06j,(0.973+0.015j),(33.506+62.965j),(-0+0.001j),(0.973+0.015j),132.0,699.8,113.1,-21.9,0.7,-8.6,52.6,17.91,110,308,125.04,62.0,95.17,31.0
Tower Type B1 – Double,"Bundling spacer – 3 conductor, 23 cm ",AAC 9.0 mm diameter,(0.102+0.249j),4.3988582926442925e-06j,(0.973+0.011j),(22.338+55.46j),(-0+0.001j),(0.973+0.011j),132.0,699.8,118.8,-18.3,0.7,-10.1,61.0,11.97,110,308,174.06,68.1,129.15,34.0
Tower Type B1 – Double,"Bundling spacer – 3 conductor, 33 cm",AAC 9.0 mm diameter,(0.102+0.234j),4.682677340496768e-06j,(0.973+0.012j),(22.338+52.109j),(-0+0.001j),(0.973+0.012j),132.0,699.8,118.0,-17.2,0.7,-10.7,62.4,11.99,110,308,177.97,66.8,132.59,33.4
Tower Type B1 – Double,"Bundling spacer – 4 conductor, 26 cm",AAC 9.0 mm diameter,(0.076+0.218j),5.029421686258565e-06j,(0.973+0.01j),(16.753+48.487j),(-0+0.001j),(0.973+0.01j),132.0,699.8,121.1,-15.6,0.7,-11.7,70.2,9.01,110,308,218.28,70.9,160.43,35.5
Tower Type B1 – Double,No bundling – 1 conductor,AAC 16.3 mm diameter,(0.093+0.387j),2.8327168972285187e-06j,(0.973+0.007j),(20.43+86.037j),(-0+0.001j),(0.973+0.007j),132.0,699.8,128.6,-27.5,0.7,-6.6,46.0,10.88,216,636,148.75,76.6,107.39,38.3
Tower Type B1 – Double,"Bundling spacer – 2 conductor, 24 cm",AAC 16.3 mm diameter,(0.046+0.273j),4.0155120477312335e-06j,(0.973+0.005j),(10.215+60.678j),(-0+0.001j),(0.973+0.005j),132.0,699.8,128.3,-19.0,0.7,-9.5,58.3,5.47,216,636,230.75,80.4,165.69,40.2
Tower Type B1 – Double,"Bundling spacer – 2 conductor, 32 cm",AAC 16.3 mm diameter,(0.046+0.264j),4.1528352016030125e-06j,(0.973+0.005j),(10.215+58.673j),(-0+0.001j),(0.973+0.005j),132.0,699.8,127.8,-18.4,0.7,-9.9,59.0,5.47,216,636,236.21,80.1,169.74,40.1
Tower Type B1 – Double,"Bundling spacer – 3 conductor, 23 cm ",AAC 16.3 mm diameter,(0.031+0.237j),4.629686343379485e-06j,(0.973+0.004j),(6.81+52.623j),(-0+0.001j),(0.973+0.004j),132.0,699.8,128.9,-16.4,0.7,-11.1,70.7,3.66,216,636,280.38,82.6,200.6,41.3
Tower Type B1 – Double,"Bundling spacer – 3 conductor, 33 cm",AAC 16.3 mm diameter,(0.031+0.222j),4.9451414956005e-06j,(0.973+0.004j),(6.81+49.267j),(-0+0.001j),(0.973+0.004j),132.0,699.8,128.2,-15.4,0.7,-11.8,72.0,3.66,216,636,294.99,82.1,211.28,41.1
Tower Type B1 – Double,"Bundling spacer – 4 conductor, 26 cm",AAC 16.3 mm diameter,(0.023+0.209j),5.254053275215045e-06j,(0.973+0.003j),(5.108+46.368j),(-0+0.001j),(0.973+0.003j),132.0,699.8,128.9,-14.4,0.7,-12.6,83.1,2.75,216,636,325.65,83.7,232.6,41.9
Tower Type B1 – Double,No bundling – 1 conductor,AAC 21.0 mm diameter,(0.056+0.372j),2.9540938618574357e-06j,(0.973+0.004j),(12.309+82.476j),(-0+0.001j),(0.973+0.004j),132.0,699.8,132.7,-25.5,0.7,-7.0,49.1,6.56,299,875,178.9,81.5,127.95,40.8
Tower Type B1 – Double,"Bundling spacer – 2 conductor, 24 cm",AAC 21.0 mm diameter,(0.028+0.265j),4.135959044669734e-06j,(0.973+0.003j),(6.154+58.902j),(-0+0.001j),(0.973+0.003j),132.0,699.8,130.6,-18.2,0.7,-9.9,64.5,3.3,299,875,261.2,84.0,186.36,42.0
Tower Type B1 – Double,"Bundling spacer – 2 conductor, 32 cm",AAC 21.0 mm diameter,(0.028+0.256j),4.2817934801743536e-06j,(0.973+0.003j),(6.154+56.896j),(-0+0.001j),(0.973+0.003j),132.0,699.8,130.2,-17.6,0.7,-10.3,65.2,3.3,299,875,268.43,83.8,191.61,41.9
Tower Type B1 – Double,"Bundling spacer – 3 conductor, 23 cm ",AAC 21.0 mm diameter,(0.019+0.232j),4.735690385091749e-06j,(0.973+0.002j),(4.103+51.44j),(-0+0.001j),(0.973+0.002j),132.0,699.8,130.5,-15.9,0.7,-11.4,80.0,2.2,299,875,307.55,85.4,218.99,42.7
Tower Type B1 – Double,"Bundling spacer – 3 conductor, 33 cm",AAC 21.0 mm diameter,(0.019+0.217j),5.066272358331339e-06j,(0.973+0.002j),(4.103+48.084j),(-0+0.001j),(0.973+0.002j),132.0,699.8,129.9,-14.9,0.7,-12.2,81.3,2.21,299,875,325.5,85.1,231.92,42.6
Tower Type B1 – Double,"Bundling spacer – 4 conductor, 26 cm",AAC 21.0 mm diameter,(0.014+0.205j),5.356098298432733e-06j,(0.973+0.002j),(3.077+45.481j),(-0+0.001j),(0.973+0.002j),132.0,699.8,130.1,-14.0,0.7,-12.9,95.4,1.66,299,875,351.71,86.1,250.2,43.1
Tower Type B1 – Double,No bundling – 1 conductor,AAC 26.3 mm diameter,(0.036+0.357j),3.0709760466122096e-06j,(0.973+0.003j),(7.848+79.327j),(-0+0.001j),(0.973+0.003j),132.0,699.8,134.7,-24.2,0.7,-7.4,53.5,4.18,405,997,200.64,84.4,142.89,42.2
Tower Type B1 – Double,"Bundling spacer – 2 conductor, 24 cm",AAC 26.3 mm diameter,(0.018+0.258j),4.249172540753887e-06j,(0.973+0.002j),(3.924+57.329j),(-0+0.001j),(0.973+0.002j),132.0,699.8,131.8,-17.6,0.7,-10.3,73.4,2.1,405,997,282.14,86.1,200.64,43.0
Tower Type B1 – Double,"Bundling spacer – 2 conductor, 32 cm",AAC 26.3 mm diameter,(0.018+0.249j),4.4032488016983794e-06j,(0.973+0.002j),(3.924+55.323j),(-0+0.001j),(0.973+0.002j),132.0,699.8,131.4,-17.0,0.7,-10.6,74.1,2.1,405,997,290.69,85.9,206.78,43.0
Tower Type B1 – Double,"Bundling spacer – 3 conductor, 23 cm ",AAC 26.3 mm diameter,(0.012+0.227j),4.8340046904872875e-06j,(0.973+0.001j),(2.616+50.392j),(-0+0.001j),(0.973+0.001j),132.0,699.8,131.3,-15.5,0.7,-11.7,93.3,1.41,405,997,325.81,87.0,231.41,43.5
Tower Type B1 – Double,"Bundling spacer – 3 conductor, 33 cm",AAC 26.3 mm diameter,(0.012+0.212j),5.178954999437324e-06j,(0.973+0.002j),(2.616+47.036j),(-0+0.001j),(0.973+0.002j),132.0,699.8,130.7,-14.5,0.7,-12.5,94.6,1.41,405,997,346.12,86.8,245.94,43.4
Tower Type B1 – Double,"Bundling spacer – 4 conductor, 26 cm",AAC 26.3 mm diameter,(0.009+0.201j),5.450123107753459e-06j,(0.973+0.001j),(1.962+44.695j),(-0+0.001j),(0.973+0.001j),132.0,699.8,130.8,-13.8,0.7,-13.1,113.2,1.06,405,997,369.06,87.5,261.97,43.7
Tower Type B1 – Double,No bundling – 1 conductor,AAC 31.5 mm diameter,(0.025+0.346j),3.1715784957800177e-06j,(0.973+0.002j),(5.47+76.808j),(-0+0.001j),(0.973+0.002j),132.0,699.8,135.6,-23.2,0.7,-7.7,58.9,2.92,495,1224,215.42,85.9,153.09,43.0
Tower Type B1 – Double,"Bundling spacer – 2 conductor, 24 cm",AAC 31.5 mm diameter,(0.012+0.253j),4.344511853575704e-06j,(0.973+0.001j),(2.735+56.07j),(-0+0.001j),(0.973+0.001j),132.0,699.8,132.4,-17.2,0.7,-10.5,84.1,1.47,495,1224,296.03,87.2,210.17,43.6
Tower Type B1 – Double,"Bundling spacer – 2 conductor, 32 cm",AAC 31.5 mm diameter,(0.012+0.244j),4.505710892106696e-06j,(0.973+0.001j),(2.735+54.064j),(-0+0.001j),(0.973+0.001j),132.0,699.8,132.0,-16.6,0.7,-10.9,84.8,1.47,495,1224,305.51,87.1,216.94,43.6
Tower Type B1 – Double,"Bundling spacer – 3 conductor, 23 cm ",AAC 31.5 mm diameter,(0.008+0.223j),4.9158207409105975e-06j,(0.973+0.001j),(1.823+49.553j),(-0+0.001j),(0.973+0.001j),132.0,699.8,131.7,-15.2,0.7,-11.9,109.4,0.98,495,1224,337.76,87.9,239.58,43.9
Tower Type B1 – Double,"Bundling spacer – 3 conductor, 33 cm",AAC 31.5 mm diameter,(0.008+0.208j),5.272977866755299e-06j,(0.973+0.001j),(1.823+46.197j),(-0+0.001j),(0.973+0.001j),132.0,699.8,131.1,-14.2,0.7,-12.7,110.7,0.98,495,1224,359.69,87.7,255.21,43.9
Tower Type B1 – Double,"Bundling spacer – 4 conductor, 26 cm",AAC 31.5 mm diameter,(0.006+0.199j),5.527920450937468e-06j,(0.973+0.001j),(1.368+44.066j),(-0+0.001j),(0.973+0.001j),132.0,699.8,131.1,-13.6,0.7,-13.3,134.7,0.74,495,1224,380.36,88.2,269.69,44.1
Tower Type B2 – Double,No bundling – 1 conductor,AAC 9.0 mm diameter,(0.305+0.443j),2.4783709037108816e-06j,(0.973+0.019j),(67.012+98.714j),(-0+0.001j),(0.973+0.019j),132.0,699.8,105.2,-39.3,0.7,-5.0,45.2,35.64,110,308,64.28,55.8,50.74,27.9
Tower Type B2 – Double,"Bundling spacer – 2 conductor, 24 cm",AAC 9.0 mm diameter,(0.152+0.31j),3.5397531334770054e-06j,(0.973+0.013j),(33.506+68.968j),(-0+0.001j),(0.973+0.013j),132.0,699.8,114.8,-23.9,0.7,-7.9,54.3,17.89,110,308,122.5,64.1,92.39,32.0
Tower Type B2 – Double,"Bundling spacer – 2 conductor, 32 cm",AAC 9.0 mm diameter,(0.152+0.301j),3.646033178574553e-06j,(0.973+0.014j),(33.506+66.967j),(-0+0.001j),(0.973+0.014j),132.0,699.8,114.2,-23.2,0.7,-8.1,55.0,17.9,110,308,123.36,63.4,93.31,31.7
Tower Type B2 – Double,"Bundling spacer – 3 conductor, 23 cm ",AAC 9.0 mm diameter,(0.102+0.268j),4.101697355857075e-06j,(0.973+0.01j),(22.338+59.466j),(-0+0.001j),(0.973+0.01j),132.0,699.8,119.7,-19.6,0.7,-9.4,63.5,11.96,110,308,169.42,69.4,125.16,34.7
Tower Type B2 – Double,"Bundling spacer – 3 conductor, 33 cm",AAC 9.0 mm diameter,(0.102+0.252j),4.347394433587209e-06j,(0.973+0.011j),(22.338+56.115j),(-0+0.001j),(0.973+0.011j),132.0,699.8,118.9,-18.5,0.7,-10.0,64.8,11.97,110,308,173.29,68.3,128.48,34.1
Tower Type B2 – Double,"Bundling spacer – 4 conductor, 26 cm",AAC 9.0 mm diameter,(0.076+0.236j),4.644685940719138e-06j,(0.973+0.009j),(16.753+52.495j),(-0+0.001j),(0.973+0.009j),132.0,699.8,122.0,-17.0,0.7,-10.8,72.6,8.99,110,308,210.07,72.3,153.83,36.2
Tower Type B2 – Double,No bundling – 1 conductor,AAC 16.3 mm diameter,(0.093+0.406j),2.7064494980165873e-06j,(0.973+0.006j),(20.43+90.047j),(-0+0.001j),(0.973+0.006j),132.0,699.8,129.9,-28.6,0.7,-6.3,48.4,10.88,216,636,145.29,77.2,104.69,38.6
Tower Type B2 – Double,"Bundling spacer – 2 conductor, 24 cm",AAC 16.3 mm diameter,(0.046+0.291j),3.7664211017202773e-06j,(0.973+0.004j),(10.215+64.689j),(-0+0.001j),(0.973+0.004j),132.0,699.8,129.2,-20.2,0.7,-9.0,60.8,5.46,216,636,220.66,81.0,158.23,40.5
Tower Type B2 – Double,"Bundling spacer – 2 conductor, 32 cm",AAC 16.3 mm diameter,(0.046+0.282j),3.8869800139192675e-06j,(0.973+0.004j),(10.215+62.684j),(-0+0.001j),(0.973+0.004j),132.0,699.8,128.7,-19.6,0.7,-9.2,61.5,5.46,216,636,225.57,80.7,161.86,40.4
Tower Type B2 – Double,"Bundling spacer – 3 conductor, 23 cm ",AAC 16.3 mm diameter,(0.031+0.255j),4.301683115058902e-06j,(0.973+0.003j),(6.81+56.634j),(-0+0.001j),(0.973+0.003j),132.0,699.8,129.7,-17.6,0.7,-10.3,73.2,3.65,216,636,264.89,83.1,189.31,41.6
Tower Type B2 – Double,"Bundling spacer – 3 conductor, 33 cm",AAC 16.3 mm diameter,(0.031+0.24j),4.572714666294702e-06j,(0.973+0.004j),(6.81+53.278j),(-0+0.001j),(0.973+0.004j),132.0,699.8,129.0,-16.6,0.7,-10.9,74.5,3.66,216,636,277.71,82.7,198.65,41.4
Tower Type B2 – Double,"Bundling spacer – 4 conductor, 26 cm",AAC 16.3 mm diameter,(0.023+0.227j),4.835612411215029e-06j,(0.973+0.003j),(5.108+50.379j),(-0+0.001j),(0.973+0.003j),132.0,699.8,129.6,-15.6,0.7,-11.6,85.5,2.75,216,636,304.36,84.2,217.17,42.1
Tower Type B2 – Double,No bundling – 1 conductor,AAC 21.0 mm diameter,(0.056+0.39j),2.8170357383876282e-06j,(0.973+0.004j),(12.309+86.487j),(-0+0.001j),(0.973+0.004j),132.0,699.8,134.0,-26.6,0.7,-6.7,51.5,6.56,299,875,173.47,81.9,123.93,41.0
Tower Type B2 – Double,"Bundling spacer – 2 conductor, 24 cm",AAC 21.0 mm diameter,(0.028+0.283j),3.872191594001406e-06j,(0.973+0.003j),(6.154+62.913j),(-0+0.001j),(0.973+0.003j),132.0,699.8,131.5,-19.4,0.7,-9.3,67.0,3.29,299,875,248.02,84.4,176.81,42.2
Tower Type B2 – Double,"Bundling spacer – 2 conductor, 32 cm",AAC 21.0 mm diameter,(0.028+0.274j),3.999731415782102e-06j,(0.973+0.003j),(6.154+60.907j),(-0+0.001j),(0.973+0.003j),132.0,699.8,131.1,-18.8,0.7,-9.6,67.6,3.29,299,875,254.41,84.2,181.44,42.1
Tower Type B2 – Double,"Bundling spacer – 3 conductor, 23 cm ",AAC 21.0 mm diameter,(0.019+0.25j),4.393050708387671e-06j,(0.973+0.002j),(4.103+55.452j),(-0+0.001j),(0.973+0.002j),132.0,699.8,131.3,-17.1,0.7,-10.6,82.4,2.2,299,875,288.81,85.8,205.5,42.9
Tower Type B2 – Double,"Bundling spacer – 3 conductor, 33 cm",AAC 21.0 mm diameter,(0.019+0.235j),4.6760967169005954e-06j,(0.973+0.002j),(4.103+52.096j),(-0+0.001j),(0.973+0.002j),132.0,699.8,130.6,-16.1,0.7,-11.3,83.8,2.2,299,875,304.3,85.5,216.65,42.7
Tower Type B2 – Double,"Bundling spacer – 4 conductor, 26 cm",AAC 21.0 mm diameter,(0.014+0.223j),4.921917141501634e-06j,(0.973+0.002j),(3.077+49.493j),(-0+0.001j),(0.973+0.002j),132.0,699.8,130.8,-15.2,0.7,-11.9,97.9,1.66,299,875,326.85,86.4,232.37,43.2
Tower Type B2 – Double,No bundling – 1 conductor,AAC 26.3 mm diameter,(0.036+0.375j),2.9231290351695497e-06j,(0.973+0.003j),(7.848+83.339j),(-0+0.001j),(0.973+0.003j),132.0,699.8,135.9,-25.3,0.7,-7.0,56.0,4.18,405,997,193.59,84.6,137.78,42.3
Tower Type B2 – Double,"Bundling spacer – 2 conductor, 24 cm",AAC 26.3 mm diameter,(0.018+0.276j),3.971252417961687e-06j,(0.973+0.002j),(3.924+61.341j),(-0+0.001j),(0.973+0.002j),132.0,699.8,132.7,-18.8,0.7,-9.6,75.8,2.1,405,997,266.67,86.3,189.54,43.2
Tower Type B2 – Double,"Bundling spacer – 2 conductor, 32 cm",AAC 26.3 mm diameter,(0.018+0.267j),4.1055144500563375e-06j,(0.973+0.002j),(3.924+59.335j),(-0+0.001j),(0.973+0.002j),132.0,699.8,132.2,-18.2,0.7,-9.9,76.5,2.1,405,997,274.15,86.2,194.91,43.1
Tower Type B2 – Double,"Bundling spacer – 3 conductor, 23 cm ",AAC 26.3 mm diameter,(0.012+0.245j),4.477526194262683e-06j,(0.973+0.001j),(2.616+54.404j),(-0+0.001j),(0.973+0.001j),132.0,699.8,132.1,-16.7,0.7,-10.8,95.7,1.4,405,997,304.76,87.2,216.37,43.6
Tower Type B2 – Double,"Bundling spacer – 3 conductor, 33 cm",AAC 26.3 mm diameter,(0.012+0.23j),4.771927191903771e-06j,(0.973+0.001j),(2.616+51.048j),(-0+0.001j),(0.973+0.001j),132.0,699.8,131.4,-15.7,0.7,-11.5,97.1,1.41,405,997,322.15,87.1,228.79,43.5
Tower Type B2 – Double,"Bundling spacer – 4 conductor, 26 cm",AAC 26.3 mm diameter,(0.009+0.219j),5.001203122149354e-06j,(0.973+0.001j),(1.962+48.707j),(-0+0.001j),(0.973+0.001j),132.0,699.8,131.5,-15.0,0.7,-12.1,115.6,1.06,405,997,341.72,87.7,242.47,43.8
Tower Type B2 – Double,No bundling – 1 conductor,AAC 31.5 mm diameter,(0.025+0.364j),3.0141344573676314e-06j,(0.973+0.002j),(5.47+80.819j),(-0+0.001j),(0.973+0.002j),132.0,699.8,136.7,-24.3,0.7,-7.3,61.3,2.92,495,1224,207.17,86.1,147.16,43.1
Tower Type B2 – Double,"Bundling spacer – 2 conductor, 24 cm",AAC 31.5 mm diameter,(0.012+0.271j),4.0544060841512455e-06j,(0.973+0.001j),(2.735+60.081j),(-0+0.001j),(0.973+0.001j),132.0,699.8,133.2,-18.3,0.7,-9.8,86.6,1.46,495,1224,278.97,87.4,197.98,43.7
Tower Type B2 – Double,"Bundling spacer – 2 conductor, 32 cm",AAC 31.5 mm diameter,(0.012+0.262j),4.194448718848093e-06j,(0.973+0.001j),(2.735+58.076j),(-0+0.001j),(0.973+0.001j),132.0,699.8,132.8,-17.7,0.7,-10.2,87.3,1.47,495,1224,287.21,87.3,203.86,43.7
Tower Type B2 – Double,"Bundling spacer – 3 conductor, 23 cm ",AAC 31.5 mm diameter,(0.008+0.241j),4.547632798356005e-06j,(0.973+0.001j),(1.823+53.565j),(-0+0.001j),(0.973+0.001j),132.0,699.8,132.5,-16.4,0.7,-11.0,111.9,0.98,495,1224,315.15,88.1,223.47,44.0
Tower Type B2 – Double,"Bundling spacer – 3 conductor, 33 cm",AAC 31.5 mm diameter,(0.008+0.226j),4.851638073011554e-06j,(0.973+0.001j),(1.823+50.208j),(-0+0.001j),(0.973+0.001j),132.0,699.8,131.8,-15.4,0.7,-11.7,113.2,0.98,495,1224,333.82,87.9,236.77,44.0
Tower Type B2 – Double,"Bundling spacer – 4 conductor, 26 cm",AAC 31.5 mm diameter,(0.006+0.217j),5.066635213222634e-06j,(0.973+0.001j),(1.368+48.078j),(-0+0.001j),(0.973+0.001j),132.0,699.8,131.8,-14.7,0.7,-12.3,137.1,0.74,495,1224,351.36,88.4,249.05,44.2
Tower Type C,No bundling – 1 conductor,AAC 9.0 mm diameter,(0.609+0.428j),2.5623726138854928e-06j,(0.972+0.039j),(134.019+96.832j),(-0+0.001j),(0.972+0.039j),132.0,699.8,71.5,-61.1,0.7,-4.0,40.1,71.26,110,308,32.01,35.8,29.24,17.9
Tower Type C,"Bundling spacer – 2 conductor, 24 cm",AAC 9.0 mm diameter,(0.305+0.296j),3.7136339245681814e-06j,(0.972+0.028j),(67.011+66.234j),(-0+0.001j),(0.972+0.028j),132.0,699.8,92.0,-27.6,0.7,-7.4,46.3,35.78,110,308,64.98,44.7,55.32,22.3
Tower Type C,"Bundling spacer – 2 conductor, 32 cm",AAC 9.0 mm diameter,(0.305+0.286j),3.830784645977888e-06j,(0.972+0.029j),(67.011+64.248j),(-0+0.001j),(0.972+0.029j),132.0,699.8,91.3,-26.8,0.7,-7.7,47.0,35.79,110,308,64.99,43.8,55.62,21.9
Tower Type C,"Bundling spacer – 3 conductor, 23 cm ",AAC 9.0 mm diameter,(0.203+0.253j),4.337003305287532e-06j,(0.973+0.022j),(44.675+56.498j),(-0+0.001j),(0.973+0.022j),132.0,699.8,103.8,-20.7,0.7,-9.3,52.6,23.92,110,308,97.43,51.7,78.42,25.8
Tower Type C,"Bundling spacer – 3 conductor, 33 cm",AAC 9.0 mm diameter,(0.203+0.238j),4.612646489574854e-06j,(0.973+0.023j),(44.675+53.163j),(-0+0.001j),(0.973+0.023j),132.0,699.8,102.9,-19.4,0.7,-9.9,53.9,23.96,110,308,97.48,50.0,79.18,25.0
Tower Type C,"Bundling spacer – 4 conductor, 26 cm",AAC 9.0 mm diameter,(0.152+0.222j),4.94872487796618e-06j,(0.973+0.019j),(33.506+49.436j),(-0+0.001j),(0.973+0.019j),132.0,699.8,109.7,-17.0,0.7,-11.0,58.8,18.0,110,308,129.4,55.9,101.13,27.9
Tower Type C,No bundling – 1 conductor,AAC 16.3 mm diameter,(0.186+0.391j),2.806937020325698e-06j,(0.973+0.013j),(40.86+86.961j),(-0+0.001j),(0.973+0.013j),132.0,699.8,116.0,-30.7,0.7,-6.1,41.7,21.76,216,636,99.8,64.8,74.96,32.4
Tower Type C,"Bundling spacer – 2 conductor, 24 cm",AAC 16.3 mm diameter,(0.093+0.277j),3.963904982018061e-06j,(0.973+0.009j),(20.43+61.516j),(-0+0.001j),(0.973+0.009j),132.0,699.8,121.5,-20.1,0.7,-9.2,49.5,10.93,216,636,175.65,71.6,128.86,35.8
Tower Type C,"Bundling spacer – 2 conductor, 32 cm",AAC 16.3 mm diameter,(0.093+0.268j),4.0976622956807475e-06j,(0.973+0.009j),(20.43+59.512j),(-0+0.001j),(0.973+0.009j),132.0,699.8,121.0,-19.5,0.7,-9.5,50.2,10.94,216,636,178.3,71.1,131.04,35.5
Tower Type C,"Bundling spacer – 3 conductor, 23 cm ",AAC 16.3 mm diameter,(0.062+0.241j),4.561219929670155e-06j,(0.973+0.007j),(13.62+53.437j),(-0+0.001j),(0.973+0.007j),132.0,699.8,124.3,-17.1,0.7,-10.7,57.4,7.31,216,636,228.35,75.7,165.74,37.9
Tower Type C,"Bundling spacer – 3 conductor, 33 cm",AAC 16.3 mm diameter,(0.062+0.225j),4.867105587550069e-06j,(0.973+0.007j),(13.62+50.083j),(-0+0.001j),(0.973+0.007j),132.0,699.8,123.6,-16.0,0.7,-11.4,58.8,7.32,216,636,237.14,74.8,172.52,37.4
Tower Type C,"Bundling spacer – 4 conductor, 26 cm",AAC 16.3 mm diameter,(0.046+0.212j),5.166050151517751e-06j,(0.973+0.006j),(10.215+47.173j),(-0+0.001j),(0.973+0.006j),132.0,699.8,125.4,-14.9,0.7,-12.2,65.3,5.5,216,636,274.06,77.8,198.01,38.9
Tower Type C,No bundling – 1 conductor,AAC 21.0 mm diameter,(0.112+0.375j),2.926068337133677e-06j,(0.973+0.008j),(24.617+83.316j),(-0+0.001j),(0.973+0.008j),132.0,699.8,125.0,-27.2,0.7,-6.7,43.2,13.12,299,875,138.97,73.5,101.18,36.8
Tower Type C,"Bundling spacer – 2 conductor, 24 cm",AAC 21.0 mm diameter,(0.056+0.269j),4.081230692578939e-06j,(0.973+0.006j),(12.309+59.709j),(-0+0.001j),(0.973+0.006j),132.0,699.8,126.6,-18.9,0.7,-9.6,52.6,6.59,299,875,221.03,78.4,159.41,39.2
Tower Type C,"Bundling spacer – 2 conductor, 32 cm",AAC 21.0 mm diameter,(0.056+0.26j),4.2231649829701965e-06j,(0.973+0.006j),(12.309+57.704j),(-0+0.001j),(0.973+0.006j),132.0,699.8,126.1,-18.3,0.7,-10.0,53.3,6.59,299,875,225.95,78.0,163.12,39.0
Tower Type C,"Bundling spacer – 3 conductor, 23 cm ",AAC 21.0 mm diameter,(0.037+0.235j),4.664077031277323e-06j,(0.973+0.004j),(8.206+52.239j),(-0+0.001j),(0.973+0.004j),132.0,699.8,127.8,-16.4,0.7,-11.1,62.0,4.41,299,875,271.1,81.1,194.53,40.5
Tower Type C,"Bundling spacer – 3 conductor, 33 cm",AAC 21.0 mm diameter,(0.037+0.22j),4.984398308843734e-06j,(0.973+0.005j),(8.206+48.883j),(-0+0.001j),(0.973+0.005j),132.0,699.8,127.2,-15.3,0.7,-11.8,63.4,4.41,299,875,284.62,80.5,204.5,40.2
Tower Type C,"Bundling spacer – 4 conductor, 26 cm",AAC 21.0 mm diameter,(0.028+0.208j),5.264673299753775e-06j,(0.973+0.004j),(6.154+46.276j),(-0+0.001j),(0.973+0.004j),132.0,699.8,128.1,-14.4,0.7,-12.6,71.5,3.32,299,875,315.88,82.4,226.15,41.2
Tower Type C,No bundling – 1 conductor,AAC 26.3 mm diameter,(0.071+0.361j),3.0407002874460686e-06j,(0.973+0.005j),(15.695+80.139j),(-0+0.001j),(0.973+0.005j),132.0,699.8,129.8,-25.3,0.7,-7.1,45.4,8.37,405,997,170.16,78.9,122.33,39.5
Tower Type C,"Bundling spacer – 2 conductor, 24 cm",AAC 26.3 mm diameter,(0.036+0.262j),4.191427941951168e-06j,(0.973+0.004j),(7.848+58.126j),(-0+0.001j),(0.973+0.004j),132.0,699.8,129.3,-18.1,0.7,-10.0,57.1,4.2,405,997,252.84,82.3,180.95,41.2
Tower Type C,"Bundling spacer – 2 conductor, 32 cm",AAC 26.3 mm diameter,(0.036+0.253j),4.341271147404662e-06j,(0.973+0.004j),(7.848+56.121j),(-0+0.001j),(0.973+0.004j),132.0,699.8,128.9,-17.5,0.7,-10.4,57.7,4.21,405,997,259.58,82.0,185.89,41.0
Tower Type C,"Bundling spacer – 3 conductor, 23 cm ",AAC 26.3 mm diameter,(0.024+0.231j),4.759410462059674e-06j,(0.973+0.003j),(5.232+51.186j),(-0+0.001j),(0.973+0.003j),132.0,699.8,129.7,-15.9,0.7,-11.4,68.7,2.81,405,997,299.41,84.2,213.65,42.1
Tower Type C,"Bundling spacer – 3 conductor, 33 cm",AAC 26.3 mm diameter,(0.024+0.215j),5.093429148383911e-06j,(0.973+0.003j),(5.232+47.83j),(-0+0.001j),(0.973+0.003j),132.0,699.8,129.0,-14.9,0.7,-12.2,70.0,2.82,405,997,316.36,83.8,225.94,41.9
Tower Type C,"Bundling spacer – 4 conductor, 26 cm",AAC 26.3 mm diameter,(0.018+0.205j),5.355488411203889e-06j,(0.973+0.002j),(3.924+45.487j),(-0+0.001j),(0.973+0.002j),132.0,699.8,129.5,-14.1,0.7,-12.8,80.3,2.12,405,997,342.91,85.1,244.36,42.5
Tower Type C,No bundling – 1 conductor,AAC 31.5 mm diameter,(0.05+0.35j),3.139297057569788e-06j,(0.973+0.004j),(10.941+77.608j),(-0+0.001j),(0.973+0.004j),132.0,699.8,132.2,-24.0,0.7,-7.5,48.1,5.83,495,1224,191.48,82.0,136.91,41.0
Tower Type C,"Bundling spacer – 2 conductor, 24 cm",AAC 31.5 mm diameter,(0.025+0.256j),4.284165336836702e-06j,(0.973+0.003j),(5.47+56.863j),(-0+0.001j),(0.973+0.003j),132.0,699.8,130.7,-17.6,0.7,-10.3,62.5,2.93,495,1224,273.27,84.5,194.84,42.3
Tower Type C,"Bundling spacer – 2 conductor, 32 cm",AAC 31.5 mm diameter,(0.025+0.247j),4.440836529136301e-06j,(0.973+0.003j),(5.47+54.857j),(-0+0.001j),(0.973+0.003j),132.0,699.8,130.2,-17.0,0.7,-10.7,63.1,2.93,495,1224,281.29,84.3,200.64,42.2
Tower Type C,"Bundling spacer – 3 conductor, 23 cm ",AAC 31.5 mm diameter,(0.017+0.227j),4.838700255411803e-06j,(0.973+0.002j),(3.647+50.344j),(-0+0.001j),(0.973+0.002j),132.0,699.8,130.6,-15.5,0.7,-11.7,76.8,1.96,495,1224,317.11,85.9,225.65,42.9
Tower Type C,"Bundling spacer – 3 conductor, 33 cm",AAC 31.5 mm diameter,(0.017+0.212j),5.184344991107786e-06j,(0.973+0.002j),(3.647+46.988j),(-0+0.001j),(0.973+0.002j),132.0,699.8,130.0,-14.5,0.7,-12.5,78.1,1.96,495,1224,336.31,85.6,239.46,42.8
Tower Type C,"Bundling spacer – 4 conductor, 26 cm",AAC 31.5 mm diameter,(0.012+0.202j),5.430588885394342e-06j,(0.973+0.002j),(2.735+44.857j),(-0+0.001j),(0.973+0.002j),132.0,699.8,130.3,-13.8,0.7,-13.1,91.1,1.48,495,1224,359.6,86.5,255.66,43.3
